{
  "properties": {
    "connectionReferences": {
      "shared_commondataserviceforapps_1": {
        "runtimeSource": "embedded",
        "connection": {
          "connectionReferenceLogicalName": "mssh_PowerIdeasCommonCDSConnection"
        },
        "api": {
          "name": "shared_commondataserviceforapps"
        }
      }
    },
    "definition": {
      "$schema": "https://schema.management.azure.com/providers/Microsoft.Logic/schemas/2016-06-01/workflowdefinition.json#",
      "contentVersion": "1.0.0.0",
      "parameters": {
        "$connections": {
          "defaultValue": {},
          "type": "Object"
        },
        "$authentication": {
          "defaultValue": {},
          "type": "SecureObject"
        }
      },
      "triggers": {
        "When_a_row_is_added,_modified_or_deleted": {
          "metadata": {
            "operationMetadataId": "1afc257b-06f7-4d77-b63c-c3b386e461a6"
          },
          "type": "OpenApiConnectionWebhook",
          "inputs": {
            "host": {
              "connectionName": "shared_commondataserviceforapps_1",
              "operationId": "SubscribeWebhookTrigger",
              "apiId": "/providers/Microsoft.PowerApps/apis/shared_commondataserviceforapps"
            },
            "parameters": {
              "subscriptionRequest/message": 3,
              "subscriptionRequest/entityname": "contact",
              "subscriptionRequest/scope": 4,
              "subscriptionRequest/filteringattributes": "callback",
              "subscriptionRequest/filterexpression": "callback eq 'Active and Whitelisted'"
            },
            "authentication": "@parameters('$authentication')"
          }
        }
      },
      "actions": {
        "_Fetch_the_inactive_user_profiles": {
          "runAfter": {},
          "metadata": {
            "operationMetadataId": "4c0a3bac-786d-4595-ad28-b769a6336ac2"
          },
          "type": "OpenApiConnection",
          "inputs": {
            "host": {
              "connectionName": "shared_commondataserviceforapps_1",
              "operationId": "ListRecords",
              "apiId": "/providers/Microsoft.PowerApps/apis/shared_commondataserviceforapps"
            },
            "parameters": {
              "entityName": "msdyn_cmty_userprofiles",
              "fetchXml": "<fetch version=\"1.0\" output-format=\"xml-platform\" mapping=\"logical\" distinct=\"false\">\n<entity name=\"msdyn_cmty_userprofile\">\n<attribute name=\"createdon\"/>\n<attribute name=\"msdyn_systemuser\"/>\n<attribute name=\"msdyn_contact\"/>\n<attribute name=\"msdyn_name\"/>\n<attribute name=\"msdyn_primaryemail\"/>\n<attribute name=\"msdyn_cmty_userprofileid\"/>\n<order descending=\"false\" attribute=\"msdyn_name\"/>\n<filter type=\"and\">\n<condition attribute=\"msdyn_contact\" operator=\"eq\"  value=\"@{triggerOutputs()?['body/contactid']}\"/>\n<condition attribute=\"statecode\" operator=\"eq\" value=\"1\"/>\n</filter>\n</entity>\n</fetch>"
            },
            "authentication": "@parameters('$authentication')"
          }
        },
        "Reactivating_the_User_profile": {
          "foreach": "@outputs('_Fetch_the_inactive_user_profiles')?['body/value']",
          "actions": {
            "Update_user_profile": {
              "runAfter": {},
              "metadata": {
                "operationMetadataId": "9c70a216-57a1-4aa6-a5ed-124e79877958"
              },
              "type": "OpenApiConnection",
              "inputs": {
                "host": {
                  "connectionName": "shared_commondataserviceforapps_1",
                  "operationId": "UpdateRecord",
                  "apiId": "/providers/Microsoft.PowerApps/apis/shared_commondataserviceforapps"
                },
                "parameters": {
                  "entityName": "msdyn_cmty_userprofiles",
                  "recordId": "@items('Reactivating_the_User_profile')?['msdyn_cmty_userprofileid']",
                  "item/statecode": 0,
                  "item/statuscode": 1
                },
                "authentication": "@parameters('$authentication')"
              }
            }
          },
          "runAfter": {
            "_Fetch_the_inactive_user_profiles": [
              "Succeeded"
            ]
          },
          "metadata": {
            "operationMetadataId": "48eb658b-d1cd-4056-82ba-00db976896df"
          },
          "type": "Foreach"
        },
        "Fetch_and_active_the_ideas": {
          "foreach": "@outputs('_Fetch_the_inactive_user_profiles')?['body/value']",
          "actions": {
            "get_ideas": {
              "runAfter": {},
              "metadata": {
                "operationMetadataId": "90a60cb3-166d-414c-835e-ef4111ddd619"
              },
              "type": "OpenApiConnection",
              "inputs": {
                "host": {
                  "connectionName": "shared_commondataserviceforapps_1",
                  "operationId": "ListRecords",
                  "apiId": "/providers/Microsoft.PowerApps/apis/shared_commondataserviceforapps"
                },
                "parameters": {
                  "entityName": "msdyn_cmty_ideas",
                  "fetchXml": "<fetch version=\"1.0\" output-format=\"xml-platform\" mapping=\"logical\" distinct=\"false\">\n<entity name=\"msdyn_cmty_idea\">\n<attribute name=\"msdyn_name\"/>\n<attribute name=\"createdon\"/>\n<attribute name=\"msdyn_forum\"/>\n<attribute name=\"msdyn_cmty_ideaid\"/>\n<order descending=\"false\" attribute=\"msdyn_name\"/>\n<order descending=\"false\" attribute=\"msdyn_forum\"/>\n<filter type=\"and\">\n<condition attribute=\"msdyn_primaryauthor\" operator=\"eq\"  value=\"@{items('Fetch_and_active_the_ideas')?['msdyn_cmty_userprofileid']}\"/>\n</filter>\n</entity>\n</fetch>"
                },
                "authentication": "@parameters('$authentication')"
              }
            },
            "Reactivate_the_idea": {
              "foreach": "@outputs('get_ideas')?['body/value']",
              "actions": {
                "activate_the_idea": {
                  "runAfter": {},
                  "metadata": {
                    "operationMetadataId": "ab8376a9-58e3-436d-a646-c7189267e641"
                  },
                  "type": "OpenApiConnection",
                  "inputs": {
                    "host": {
                      "connectionName": "shared_commondataserviceforapps_1",
                      "operationId": "UpdateRecord",
                      "apiId": "/providers/Microsoft.PowerApps/apis/shared_commondataserviceforapps"
                    },
                    "parameters": {
                      "entityName": "msdyn_cmty_ideas",
                      "recordId": "@items('Reactivate_the_idea')?['msdyn_cmty_ideaid']",
                      "item/mssh_flaggedasspam": "@null",
                      "item/statecode": 0,
                      "item/statuscode": 1
                    },
                    "authentication": "@parameters('$authentication')"
                  }
                }
              },
              "runAfter": {
                "get_ideas": [
                  "Succeeded"
                ]
              },
              "metadata": {
                "operationMetadataId": "109f8292-090f-4a83-8555-a8ca344bb36a"
              },
              "type": "Foreach"
            }
          },
          "runAfter": {
            "Reactivating_the_User_profile": [
              "Succeeded"
            ]
          },
          "metadata": {
            "operationMetadataId": "a68ddb02-986d-4d93-ad66-f312e8336a81"
          },
          "type": "Foreach"
        }
      },
      "outputs": {}
    },
    "templateName": ""
  },
  "schemaVersion": "1.0.0.0"
}