<ImportExportXml version="9.2.24023.154" SolutionPackageVersion="9.2" languagecode="1033" generatedBy="CrmLive" xmlns:xsi="http://www.w3.org/2001/XMLSchema-instance">
  <SolutionManifest>
    <UniqueName>ModernCommunity_WhitelistContact</UniqueName>
    <LocalizedNames>
      <LocalizedName description="ModernCommunity_WhitelistContact" languagecode="1033" />
    </LocalizedNames>
    <Descriptions />
    <Version>9.0.240228.1</Version>
    <Managed>1</Managed>
    <Publisher>
      <UniqueName>MicrosoftSuccessHub</UniqueName>
      <LocalizedNames>
        <LocalizedName description="Microsoft Success Hub" languagecode="1033" />
      </LocalizedNames>
      <Descriptions>
        <Description description="Default publisher for Microsoft Success Hub." languagecode="1033" />
      </Descriptions>
      <EMailAddress xsi:nil="true"></EMailAddress>
      <SupportingWebsiteUrl xsi:nil="true"></SupportingWebsiteUrl>
      <CustomizationPrefix>mssh</CustomizationPrefix>
      <CustomizationOptionValuePrefix>28041</CustomizationOptionValuePrefix>
      <Addresses>
        <Address>
          <AddressNumber>1</AddressNumber>
          <AddressTypeCode>1</AddressTypeCode>
          <City xsi:nil="true"></City>
          <County xsi:nil="true"></County>
          <Country xsi:nil="true"></Country>
          <Fax xsi:nil="true"></Fax>
          <FreightTermsCode xsi:nil="true"></FreightTermsCode>
          <ImportSequenceNumber xsi:nil="true"></ImportSequenceNumber>
          <Latitude xsi:nil="true"></Latitude>
          <Line1 xsi:nil="true"></Line1>
          <Line2 xsi:nil="true"></Line2>
          <Line3 xsi:nil="true"></Line3>
          <Longitude xsi:nil="true"></Longitude>
          <Name xsi:nil="true"></Name>
          <PostalCode xsi:nil="true"></PostalCode>
          <PostOfficeBox xsi:nil="true"></PostOfficeBox>
          <PrimaryContactName xsi:nil="true"></PrimaryContactName>
          <ShippingMethodCode>1</ShippingMethodCode>
          <StateOrProvince xsi:nil="true"></StateOrProvince>
          <Telephone1 xsi:nil="true"></Telephone1>
          <Telephone2 xsi:nil="true"></Telephone2>
          <Telephone3 xsi:nil="true"></Telephone3>
          <TimeZoneRuleVersionNumber xsi:nil="true"></TimeZoneRuleVersionNumber>
          <UPSZone xsi:nil="true"></UPSZone>
          <UTCOffset xsi:nil="true"></UTCOffset>
          <UTCConversionTimeZoneCode xsi:nil="true"></UTCConversionTimeZoneCode>
        </Address>
        <Address>
          <AddressNumber>2</AddressNumber>
          <AddressTypeCode>1</AddressTypeCode>
          <City xsi:nil="true"></City>
          <County xsi:nil="true"></County>
          <Country xsi:nil="true"></Country>
          <Fax xsi:nil="true"></Fax>
          <FreightTermsCode xsi:nil="true"></FreightTermsCode>
          <ImportSequenceNumber xsi:nil="true"></ImportSequenceNumber>
          <Latitude xsi:nil="true"></Latitude>
          <Line1 xsi:nil="true"></Line1>
          <Line2 xsi:nil="true"></Line2>
          <Line3 xsi:nil="true"></Line3>
          <Longitude xsi:nil="true"></Longitude>
          <Name xsi:nil="true"></Name>
          <PostalCode xsi:nil="true"></PostalCode>
          <PostOfficeBox xsi:nil="true"></PostOfficeBox>
          <PrimaryContactName xsi:nil="true"></PrimaryContactName>
          <ShippingMethodCode>1</ShippingMethodCode>
          <StateOrProvince xsi:nil="true"></StateOrProvince>
          <Telephone1 xsi:nil="true"></Telephone1>
          <Telephone2 xsi:nil="true"></Telephone2>
          <Telephone3 xsi:nil="true"></Telephone3>
          <TimeZoneRuleVersionNumber xsi:nil="true"></TimeZoneRuleVersionNumber>
          <UPSZone xsi:nil="true"></UPSZone>
          <UTCOffset xsi:nil="true"></UTCOffset>
          <UTCConversionTimeZoneCode xsi:nil="true"></UTCConversionTimeZoneCode>
        </Address>
      </Addresses>
    </Publisher>
    <RootComponents>
      <RootComponent type="29" id="{7b66f375-319e-ee11-a569-000d3a9a29bf}" behavior="0" />
      <RootComponent type="29" id="{c4ff845c-8a07-42e8-ad15-6780b5f0d57a}" behavior="0" />
    </RootComponents>
    <MissingDependencies>
      <MissingDependency>
        <Required type="1" schemaName="msdyn_cmty_idea" displayName="Idea" solution="msdyn_community_base (9.2.240117.2)">
          <package>msdyn_community_anchor (9.2.240117.2)</package>
        </Required>
        <Dependent type="29" displayName="[Power Ideas] [Spam] Reactivate Ideas" id="{7b66f375-319e-ee11-a569-000d3a9a29bf}" />
      </MissingDependency>
      <MissingDependency>
        <Required type="1" schemaName="msdyn_cmty_userprofile" displayName="User Profile" solution="msdyn_community_base (9.2.240117.2)">
          <package>msdyn_community_anchor (9.2.240117.2)</package>
        </Required>
        <Dependent type="29" displayName="[Power Ideas] [Spam] Reactivate Ideas" id="{7b66f375-319e-ee11-a569-000d3a9a29bf}" />
      </MissingDependency>
      <MissingDependency>
        <Required type="2" schemaName="adx_identity_lockoutenabled" displayName="Lockout Enabled" parentSchemaName="contact" parentDisplayName="Contact" solution="PowerPages_RuntimeCore (1.0.2308.4)">
          <package>PowerPages_Core (1.0.2311.74)</package>
        </Required>
        <Dependent type="29" displayName="[PowerIdeas]Whitelist Contact" id="{c4ff845c-8a07-42e8-ad15-6780b5f0d57a}" />
      </MissingDependency>
      <MissingDependency>
        <Required type="2" schemaName="adx_identity_lockoutenddate" displayName="Lockout End Date" parentSchemaName="contact" parentDisplayName="Contact" solution="PowerPages_RuntimeCore (1.0.2308.4)">
          <package>PowerPages_Core (1.0.2311.74)</package>
        </Required>
        <Dependent type="29" displayName="[PowerIdeas]Whitelist Contact" id="{c4ff845c-8a07-42e8-ad15-6780b5f0d57a}" />
      </MissingDependency>
      <MissingDependency>
        <Required type="90" schemaName="Adxstudio.Xrm.Workflow.Identity.SetSecurityStamp, Adxstudio.Xrm.Workflow.Identity, Version=1.0.0.2, Culture=neutral, PublicKeyToken=fa79bd0b74a539cd" displayName="Adxstudio.Xrm.Workflow.Identity.SetSecurityStamp" solution="MicrosoftIdentity (9.3.2204.0)" id="{def8aec7-b1a9-e511-80e1-3863bb367c80}">
          <package>CDSBasePortal (9.3.2304.83)</package>
          <package>CommunityPortal (9.3.2302.35)</package>
          <package>msdyn_community_anchor (9.2.240117.2)</package>
        </Required>
        <Dependent type="29" displayName="[PowerIdeas]Whitelist Contact" id="{c4ff845c-8a07-42e8-ad15-6780b5f0d57a}" />
      </MissingDependency>
    </MissingDependencies>
  </SolutionManifest>
</ImportExportXml>