{
  "properties": {
    "connectionReferences": {
      "shared_commondataserviceforapps_1": {
        "runtimeSource": "embedded",
        "connection": {
          "connectionReferenceLogicalName": "mssh_PowerIdeasCommonCDSConnection"
        },
        "api": {
          "name": "shared_commondataserviceforapps"
        }
      }
    },
    "definition": {
      "$schema": "https://schema.management.azure.com/providers/Microsoft.Logic/schemas/2016-06-01/workflowdefinition.json#",
      "contentVersion": "1.0.0.0",
      "parameters": {
        "$connections": {
          "defaultValue": {},
          "type": "Object"
        },
        "$authentication": {
          "defaultValue": {},
          "type": "SecureObject"
        }
      },
      "triggers": {
        "Recurrence": {
          "recurrence": {
            "frequency": "Month",
            "interval": 1,
            "timeZone": "Central Standard Time",
            "startTime": "2024-01-22T12:00:00Z"
          },
          "metadata": {
            "operationMetadataId": "5672e093-c96c-4917-af39-779351ebbcab"
          },
          "type": "Recurrence",
          "conditions": []
        }
      },
      "actions": {
        "_Fetch_Inactive_ideas_in_last_six_months": {
          "runAfter": {},
          "metadata": {
            "operationMetadataId": "99d293e2-e52e-4f2b-a2f9-ce59acf025fc"
          },
          "type": "OpenApiConnection",
          "inputs": {
            "host": {
              "connectionName": "shared_commondataserviceforapps_1",
              "operationId": "ListRecords",
              "apiId": "/providers/Microsoft.PowerApps/apis/shared_commondataserviceforapps"
            },
            "parameters": {
              "entityName": "msdyn_cmty_ideas",
              "fetchXml": "<fetch version=\"1.0\" output-format=\"xml-platform\" mapping=\"logical\" distinct=\"false\">\n<entity name=\"msdyn_cmty_idea\">\n<attribute name=\"msdyn_name\"/>\n<attribute name=\"createdon\"/>\n<attribute name=\"msdyn_cmty_ideaid\"/>\n<attribute name=\"mssh_flaggedasspam\"/>\n<order descending=\"false\" attribute=\"msdyn_name\"/>\n<filter type=\"and\">\n<condition attribute=\"statecode\" operator=\"eq\" value=\"1\"/>\n<condition attribute=\"mssh_flaggedasspam\" operator=\"eq\" value=\"Spam\"/>\n<condition attribute=\"modifiedon\" operator=\"olderthan-x-months\" value=\"6\"/>\n</filter>\n</entity>\n</fetch>"
            },
            "authentication": "@parameters('$authentication')"
          }
        },
        "Delete_Inactive_Idea": {
          "foreach": "@outputs('_Fetch_Inactive_ideas_in_last_six_months')?['body/value']",
          "actions": {
            "Delete_ideas_that_are_inactive_in_last_six_months": {
              "runAfter": {},
              "metadata": {
                "operationMetadataId": "5933e07d-4de2-41a2-aba0-9dd3cb40cf64"
              },
              "type": "OpenApiConnection",
              "inputs": {
                "host": {
                  "connectionName": "shared_commondataserviceforapps_1",
                  "operationId": "DeleteRecord",
                  "apiId": "/providers/Microsoft.PowerApps/apis/shared_commondataserviceforapps"
                },
                "parameters": {
                  "entityName": "msdyn_cmty_ideas",
                  "recordId": "@items('Delete_Inactive_Idea')?['msdyn_cmty_ideaid']"
                },
                "authentication": "@parameters('$authentication')"
              }
            }
          },
          "runAfter": {
            "_Fetch_Inactive_ideas_in_last_six_months": [
              "Succeeded"
            ]
          },
          "metadata": {
            "operationMetadataId": "51c07f73-d1b9-4947-b46f-94c930e15dda"
          },
          "type": "Foreach"
        }
      }
    },
    "templateName": ""
  },
  "schemaVersion": "1.0.0.0"
}