{
  "properties": {
    "connectionReferences": {
      "shared_commondataserviceforapps_1": {
        "runtimeSource": "embedded",
        "connection": {
          "connectionReferenceLogicalName": "mssh_PowerIdeasCommonCDSConnection"
        },
        "api": {
          "name": "shared_commondataserviceforapps"
        }
      },
      "shared_office365_1": {
        "runtimeSource": "embedded",
        "connection": {
          "connectionReferenceLogicalName": "mssh_PowerIdeasCommonOutlookConnection"
        },
        "api": {
          "name": "shared_office365"
        }
      }
    },
    "definition": {
      "$schema": "https://schema.management.azure.com/providers/Microsoft.Logic/schemas/2016-06-01/workflowdefinition.json#",
      "contentVersion": "1.0.0.0",
      "parameters": {
        "$connections": {
          "defaultValue": {},
          "type": "Object"
        },
        "$authentication": {
          "defaultValue": {},
          "type": "SecureObject"
        },
        "[Community-Ideas] One Month Idea Count (mssh_CommunityIdeasOneMonthIdeaCount)": {
          "defaultValue": 50,
          "type": "Int",
          "metadata": {
            "schemaName": "mssh_CommunityIdeasOneMonthIdeaCount"
          }
        },
        "[Community-Ideas] One WeekIdea Count (mssh_CommunityIdeasOneWeekIdeaCount)": {
          "defaultValue": 10,
          "type": "Int",
          "metadata": {
            "schemaName": "mssh_CommunityIdeasOneWeekIdeaCount"
          }
        },
        "[Community-Ideas] Ten Minutes Idea Count (mssh_CommunityIdeasTenMinutes)": {
          "defaultValue": 3,
          "type": "Int",
          "metadata": {
            "schemaName": "mssh_CommunityIdeasTenMinutes"
          }
        }
      },
      "triggers": {
        "When_a_row_is_added,_modified_or_deleted": {
          "metadata": {
            "operationMetadataId": "98e6dabe-1c01-4ce0-8c90-b8dfe3e2732f"
          },
          "type": "OpenApiConnectionWebhook",
          "inputs": {
            "host": {
              "connectionName": "shared_commondataserviceforapps_1",
              "operationId": "SubscribeWebhookTrigger",
              "apiId": "/providers/Microsoft.PowerApps/apis/shared_commondataserviceforapps"
            },
            "parameters": {
              "subscriptionRequest/message": 1,
              "subscriptionRequest/entityname": "msdyn_cmty_idea",
              "subscriptionRequest/scope": 4
            },
            "authentication": "@parameters('$authentication')"
          }
        }
      },
      "actions": {
        "CRM_Url": {
          "runAfter": {
            "Mail_Body_Rows": [
              "Succeeded"
            ]
          },
          "metadata": {
            "operationMetadataId": "5e71b80b-1b91-4cc6-be5a-f86ec46f29de"
          },
          "type": "InitializeVariable",
          "inputs": {
            "variables": [
              {
                "name": "CRM Url",
                "type": "string"
              }
            ]
          }
        },
        "Email_to": {
          "runAfter": {},
          "metadata": {
            "operationMetadataId": "755f9a9a-2724-4731-8773-a60c535c57f5"
          },
          "type": "InitializeVariable",
          "inputs": {
            "variables": [
              {
                "name": "Email To",
                "type": "string",
                "value": "fp_cmty_engg_team@microsoft.com"
              }
            ]
          }
        },
        "Email_Body": {
          "runAfter": {
            "Email_to": [
              "Succeeded"
            ]
          },
          "metadata": {
            "operationMetadataId": "d9d6e929-f2d7-4ef2-98d4-70cf6f583582"
          },
          "type": "InitializeVariable",
          "inputs": {
            "variables": [
              {
                "name": "Email body",
                "type": "string",
                "value": "<html>\n <body>\n<h2>Ideas being blocked</h2>\n <table>\n<th style=\"background-color:lightblue\">Title</th>\n<th style=\"background-color:lightblue\">Url</th>\n{{TROWS}}\n<table>\n</body>\n</html>\n"
              }
            ]
          }
        },
        "Mail_Body_Rows": {
          "runAfter": {
            "Email_Body": [
              "Succeeded"
            ]
          },
          "metadata": {
            "operationMetadataId": "67bb55ae-845a-4c17-a769-c0e26230fc99"
          },
          "type": "InitializeVariable",
          "inputs": {
            "variables": [
              {
                "name": "Mail Body Rows",
                "type": "string"
              }
            ]
          }
        },
        "Fetch_contacts_to_check_Callback_Number": {
          "runAfter": {
            "CRM_Url": [
              "Succeeded"
            ]
          },
          "metadata": {
            "operationMetadataId": "49a3237d-735f-4ab0-97b6-f07a95d951db"
          },
          "type": "OpenApiConnection",
          "inputs": {
            "host": {
              "connectionName": "shared_commondataserviceforapps_1",
              "operationId": "ListRecords",
              "apiId": "/providers/Microsoft.PowerApps/apis/shared_commondataserviceforapps"
            },
            "parameters": {
              "entityName": "contacts",
              "fetchXml": "<fetch version=\"1.0\" output-format=\"xml-platform\" mapping=\"logical\" distinct=\"true\" >\n    <entity name=\"contact\" >\n        <attribute name=\"fullname\" />\n        <attribute name=\"contactid\" />\n        <attribute name=\"callback\" />\n        <link-entity name=\"msdyn_cmty_userprofile\" from=\"msdyn_contact\" to=\"contactid\" link-type=\"inner\" alias=\"aj\" >\n            <filter type=\"and\" >\n                <condition attribute=\"msdyn_cmty_userprofileid\" operator=\"eq\" value=\"@{triggerOutputs()?['body/_msdyn_primaryauthor_value']}\" />\n             </filter>        </link-entity>\n    </entity>\n</fetch>"
            },
            "authentication": "@parameters('$authentication')"
          }
        },
        "Check_for_Callback_Number": {
          "foreach": "@outputs('Fetch_contacts_to_check_Callback_Number')?['body/value']",
          "actions": {
            "Condition_for_Callback_Number": {
              "actions": {},
              "runAfter": {},
              "else": {
                "actions": {
                  "Fetch_Ideas_in_ten_minutes": {
                    "runAfter": {},
                    "metadata": {
                      "operationMetadataId": "5f28ed00-b4f9-41c5-ac7e-cdd6bfad8c7e"
                    },
                    "type": "OpenApiConnection",
                    "inputs": {
                      "host": {
                        "connectionName": "shared_commondataserviceforapps_1",
                        "operationId": "ListRecords",
                        "apiId": "/providers/Microsoft.PowerApps/apis/shared_commondataserviceforapps"
                      },
                      "parameters": {
                        "entityName": "msdyn_cmty_ideas",
                        "$filter": "createdon gt '@{addMinutes(utcNow(),-10)}'",
                        "fetchXml": "<fetch version=\"1.0\" output-format=\"xml-platform\" mapping=\"logical\" distinct=\"false\">\n  <entity name=\"msdyn_cmty_idea\"> \n    <attribute name=\"createdon\" />    \n    <attribute name=\"msdyn_cmty_ideaid\" />\n    <attribute name=\"msdyn_primaryauthor\" /> \n     <attribute name=\"msdyn_name\" />\n    <filter type=\"and\">\n      <condition attribute=\"msdyn_primaryauthor\" operator=\"eq\" value=\"@{triggerOutputs()?['body/_msdyn_primaryauthor_value']}\" />\n    </filter>\n  </entity>\n</fetch>"
                      },
                      "authentication": "@parameters('$authentication')"
                    }
                  },
                  "Check_CRM_URL": {
                    "runAfter": {
                      "Fetch_Ideas_in_ten_minutes": [
                        "Succeeded"
                      ]
                    },
                    "cases": {
                      "Dev": {
                        "case": "744472bc-d533-446f-88f5-e08e7ae0f184",
                        "actions": {
                          "Set_dev_crm_url": {
                            "runAfter": {},
                            "metadata": {
                              "operationMetadataId": "1eb02f6b-58dd-414d-9d57-b299e176df46"
                            },
                            "type": "SetVariable",
                            "inputs": {
                              "name": "CRM Url",
                              "value": "https://scshubcommopsdev.crm.dynamics.com/main.aspx?appid=53b923aa-7f17-ec11-b6e7-000d3a581772&pagetype=entityrecord&etn=msdyn_cmty_idea&id="
                            }
                          },
                          "Set_variable_2": {
                            "runAfter": {
                              "Set_dev_crm_url": [
                                "Succeeded"
                              ]
                            },
                            "metadata": {
                              "operationMetadataId": "b289cb52-3709-4f3d-9e38-63a1c159c972"
                            },
                            "type": "SetVariable",
                            "inputs": {
                              "name": "Email To",
                              "value": "vinaypratap@microsoft.com;deepthim@microsoft.com;nsitap@microsoft.com;v-mvenkata@microsoft.com;"
                            }
                          }
                        }
                      },
                      "Prod": {
                        "case": "f55e79bd-d8cb-4fbb-9be2-2cefd8cb3b83",
                        "actions": {
                          "Set_Prod_Variable": {
                            "runAfter": {},
                            "metadata": {
                              "operationMetadataId": "696d850b-9fd6-4b21-a1a2-d7a3745963ef"
                            },
                            "type": "SetVariable",
                            "inputs": {
                              "name": "CRM Url",
                              "value": "https://successhub.crm.dynamics.com/main.aspx?appid=acb50ebc-a1ac-ec11-983f-000d3a16a5a9&pagetype=entityrecord&etn=msdyn_cmty_idea&id="
                            }
                          },
                          "Set_variable": {
                            "runAfter": {
                              "Set_Prod_Variable": [
                                "Succeeded"
                              ]
                            },
                            "metadata": {
                              "operationMetadataId": "b01abfa6-7ff3-4968-9874-e12c0ff975fa"
                            },
                            "type": "SetVariable",
                            "inputs": {
                              "name": "Email To",
                              "value": "ramanasr@microsoft.com;edleh@microsoft.com;vinaga@microsoft.com;ananthar@microsoft.com"
                            }
                          }
                        }
                      },
                      "Test": {
                        "case": "d1b3917e-ac2d-4b09-a80b-5b2b2dfaf7e9",
                        "actions": {
                          "Set_Test_crm_url": {
                            "runAfter": {},
                            "metadata": {
                              "operationMetadataId": "cbc0d189-1a44-4c77-b7ce-ce6ce598396d"
                            },
                            "type": "SetVariable",
                            "inputs": {
                              "name": "CRM Url",
                              "value": "https://successhubtest.crm.dynamics.com/main.aspx?appid=acb50ebc-a1ac-ec11-983f-000d3a16a5a9&pagetype=entityrecord&etn=msdyn_cmty_idea&id="
                            }
                          }
                        }
                      }
                    },
                    "default": {
                      "actions": {}
                    },
                    "expression": "@workflow()?['tags']['environmentName']",
                    "metadata": {
                      "operationMetadataId": "4ea68d38-3e84-441d-bc0b-08338a0cd51e"
                    },
                    "type": "Switch"
                  },
                  "Condition": {
                    "actions": {
                      "Updating_User_profile_and_idea_in_ten_minutes": {
                        "foreach": "@outputs('Fetch_Ideas_in_ten_minutes')?['body/value']",
                        "actions": {
                          "Fetchcontactid": {
                            "runAfter": {},
                            "metadata": {
                              "operationMetadataId": "31893f92-e327-4575-969a-9f318b800968"
                            },
                            "type": "OpenApiConnection",
                            "inputs": {
                              "host": {
                                "connectionName": "shared_commondataserviceforapps_1",
                                "operationId": "ListRecords",
                                "apiId": "/providers/Microsoft.PowerApps/apis/shared_commondataserviceforapps"
                              },
                              "parameters": {
                                "entityName": "msdyn_cmty_userprofiles",
                                "fetchXml": "<fetch version=\"1.0\" output-format=\"xml-platform\" mapping=\"logical\" distinct=\"false\">\n  <entity name=\"msdyn_cmty_userprofile\">   \n    <attribute name=\"msdyn_contact\" />\n <attribute name=\"msdyn_primaryemail\" />\n    <attribute name=\"msdyn_cmty_userprofileid\" />    \n    <filter type=\"and\">\n      <condition attribute=\"msdyn_cmty_userprofileid\" operator=\"eq\" value=\"@{triggerOutputs()?['body/_msdyn_primaryauthor_value']}\" />\n    </filter>\n  </entity>\n</fetch>"
                              },
                              "authentication": "@parameters('$authentication')"
                            }
                          },
                          "Updating_User_Profile_in_ten_minutes": {
                            "foreach": "@outputs('Fetchcontactid')?['body/value']",
                            "actions": {
                              "Update_User_Profile_in_ten_minutes": {
                                "runAfter": {},
                                "metadata": {
                                  "operationMetadataId": "f8ed7962-63e8-4fc1-90e2-1b8a31b87bc5"
                                },
                                "type": "OpenApiConnection",
                                "inputs": {
                                  "host": {
                                    "connectionName": "shared_commondataserviceforapps_1",
                                    "operationId": "UpdateRecord",
                                    "apiId": "/providers/Microsoft.PowerApps/apis/shared_commondataserviceforapps"
                                  },
                                  "parameters": {
                                    "entityName": "msdyn_cmty_userprofiles",
                                    "recordId": "@items('Updating_User_Profile_in_ten_minutes')?['msdyn_cmty_userprofileid']",
                                    "item/statecode": 1,
                                    "item/statuscode": 2
                                  },
                                  "authentication": "@parameters('$authentication')"
                                }
                              }
                            },
                            "runAfter": {
                              "Fetchcontactid": [
                                "Succeeded"
                              ]
                            },
                            "metadata": {
                              "operationMetadataId": "db887863-a3a5-477c-a50e-38617357d2d2"
                            },
                            "type": "Foreach"
                          },
                          "Updating_Idea_in_ten_minutes": {
                            "foreach": "@outputs('Fetch_Ideas_in_ten_minutes')?['body/value']",
                            "actions": {
                              "Update_Idea_in_ten_minutes": {
                                "runAfter": {},
                                "metadata": {
                                  "operationMetadataId": "c8187ee7-fad5-435c-b28e-7361e917f8de"
                                },
                                "type": "OpenApiConnection",
                                "inputs": {
                                  "host": {
                                    "connectionName": "shared_commondataserviceforapps_1",
                                    "operationId": "UpdateRecord",
                                    "apiId": "/providers/Microsoft.PowerApps/apis/shared_commondataserviceforapps"
                                  },
                                  "parameters": {
                                    "entityName": "msdyn_cmty_ideas",
                                    "recordId": "@items('Updating_Idea_in_ten_minutes')?['msdyn_cmty_ideaid']",
                                    "item/mssh_flaggedasspam": "Spam",
                                    "item/statecode": 1,
                                    "item/statuscode": 2
                                  },
                                  "authentication": "@parameters('$authentication')"
                                }
                              }
                            },
                            "runAfter": {
                              "Updating_User_Profile_in_ten_minutes": [
                                "Succeeded"
                              ]
                            },
                            "metadata": {
                              "operationMetadataId": "100eaf3e-a447-491f-8297-5ef320a30302"
                            },
                            "type": "Foreach"
                          },
                          "Append_to_string_variable": {
                            "runAfter": {
                              "Updating_Idea_in_ten_minutes": [
                                "Succeeded"
                              ]
                            },
                            "metadata": {
                              "operationMetadataId": "da3b72a1-d9b5-4495-8a9c-213658c41bfc"
                            },
                            "type": "AppendToStringVariable",
                            "inputs": {
                              "name": "Mail Body Rows",
                              "value": "<tr><td>@{items('Updating_User_profile_and_idea_in_ten_minutes')?['msdyn_name']}</td><td><a href=\"@{variables('CRM Url')}@{items('Updating_User_profile_and_idea_in_ten_minutes')?['msdyn_cmty_ideaid']}\"> Idea details</a></td></tr>"
                            }
                          }
                        },
                        "runAfter": {},
                        "metadata": {
                          "operationMetadataId": "c0d9fd30-5607-4670-905a-90906df6ca9f"
                        },
                        "type": "Foreach"
                      },
                      "If_mail_body_rows_has_data": {
                        "actions": {
                          "Compose_mail_body": {
                            "runAfter": {},
                            "metadata": {
                              "operationMetadataId": "92f4f00f-bc0b-498d-8369-1294510f1214"
                            },
                            "type": "Compose",
                            "inputs": "@replace(variables('Email body'), '{{TROWS}}', variables('Mail Body Rows'))"
                          },
                          "Send_an_email_(V2)": {
                            "runAfter": {
                              "Compose_mail_body": [
                                "Succeeded"
                              ]
                            },
                            "metadata": {
                              "operationMetadataId": "c7649dac-053e-4c13-afb6-5357819a42f8"
                            },
                            "type": "OpenApiConnection",
                            "inputs": {
                              "host": {
                                "connectionName": "shared_office365_1",
                                "operationId": "SendEmailV2",
                                "apiId": "/providers/Microsoft.PowerApps/apis/shared_office365"
                              },
                              "parameters": {
                                "emailMessage/To": "@variables('Email To')",
                                "emailMessage/Subject": "[Spam] Ideas ",
                                "emailMessage/Body": "@outputs('Compose_mail_body')",
                                "emailMessage/Cc": "SuccesshubSprtOpsDL@microsoft.com",
                                "emailMessage/Importance": "Normal"
                              },
                              "authentication": "@parameters('$authentication')"
                            }
                          }
                        },
                        "runAfter": {
                          "Lock_the_contact_in_ten_minutes": [
                            "Succeeded"
                          ]
                        },
                        "expression": {
                          "greater": [
                            "@length(variables('Mail Body Rows'))",
                            0
                          ]
                        },
                        "metadata": {
                          "operationMetadataId": "5b82deda-d733-41e1-9589-f0fd7d0a6631"
                        },
                        "type": "If"
                      },
                      "Lock_the_contact_in_ten_minutes": {
                        "runAfter": {
                          "Updating_User_profile_and_idea_in_ten_minutes": [
                            "Succeeded"
                          ]
                        },
                        "metadata": {
                          "operationMetadataId": "f8938f90-bdde-4b38-b12d-f35b835f48ea"
                        },
                        "type": "OpenApiConnection",
                        "inputs": {
                          "host": {
                            "connectionName": "shared_commondataserviceforapps_1",
                            "operationId": "UpdateRecord",
                            "apiId": "/providers/Microsoft.PowerApps/apis/shared_commondataserviceforapps"
                          },
                          "parameters": {
                            "entityName": "contacts",
                            "recordId": "@items('Check_for_Callback_Number')?['contactid']",
                            "item/callback": "Lockout Contact As Spam",
                            "item/mssh_lastupdatedbyprocess": "@workflow()?['tags']?['flowDisplayName']",
                            "item/adx_identity_lockoutenabled": true,
                            "item/adx_identity_lockoutenddate": "@adddays(utcnow(), 4000)",
                            "item/adx_identity_securitystamp": "@null"
                          },
                          "authentication": "@parameters('$authentication')"
                        }
                      }
                    },
                    "runAfter": {
                      "Count_of_ideas_in_ten_minutes": [
                        "Succeeded"
                      ]
                    },
                    "else": {
                      "actions": {
                        "Fetch_Ideas_in_one_week": {
                          "runAfter": {},
                          "metadata": {
                            "operationMetadataId": "5f28ed00-b4f9-41c5-ac7e-cdd6bfad8c7e"
                          },
                          "type": "OpenApiConnection",
                          "inputs": {
                            "host": {
                              "connectionName": "shared_commondataserviceforapps_1",
                              "operationId": "ListRecords",
                              "apiId": "/providers/Microsoft.PowerApps/apis/shared_commondataserviceforapps"
                            },
                            "parameters": {
                              "entityName": "msdyn_cmty_ideas",
                              "$filter": "createdon gt '@{addDays(utcNow(),-7)}'",
                              "fetchXml": "<fetch version=\"1.0\" output-format=\"xml-platform\" mapping=\"logical\" distinct=\"false\">\n  <entity name=\"msdyn_cmty_idea\"> \n    <attribute name=\"createdon\" />    \n    <attribute name=\"msdyn_cmty_ideaid\" />\n    <attribute name=\"msdyn_primaryauthor\" /> \n      <attribute name=\"msdyn_name\" />\n    <filter type=\"and\">\n      <condition attribute=\"msdyn_primaryauthor\" operator=\"eq\" value=\"@{triggerOutputs()?['body/_msdyn_primaryauthor_value']}\" />\n    </filter>\n  </entity>\n</fetch>"
                            },
                            "authentication": "@parameters('$authentication')"
                          }
                        },
                        "Count_of_ideas_in_one_week": {
                          "runAfter": {
                            "Fetch_Ideas_in_one_week": [
                              "Succeeded"
                            ]
                          },
                          "metadata": {
                            "operationMetadataId": "b92fd9e2-1a56-47f7-bde2-50bebab64303"
                          },
                          "type": "Compose",
                          "inputs": "@length(outputs('Fetch_Ideas_in_one_week')?['body/value'])"
                        },
                        "Condition_to_check_one_week": {
                          "actions": {
                            "Updating_User_profile_and_idea_in_one_week": {
                              "foreach": "@outputs('Fetch_Ideas_in_one_week')?['body/value']",
                              "actions": {
                                "Fetchcontactid_2": {
                                  "runAfter": {},
                                  "metadata": {
                                    "operationMetadataId": "31893f92-e327-4575-969a-9f318b800968"
                                  },
                                  "type": "OpenApiConnection",
                                  "inputs": {
                                    "host": {
                                      "connectionName": "shared_commondataserviceforapps_1",
                                      "operationId": "ListRecords",
                                      "apiId": "/providers/Microsoft.PowerApps/apis/shared_commondataserviceforapps"
                                    },
                                    "parameters": {
                                      "entityName": "msdyn_cmty_userprofiles",
                                      "fetchXml": "<fetch version=\"1.0\" output-format=\"xml-platform\" mapping=\"logical\" distinct=\"false\">\n  <entity name=\"msdyn_cmty_userprofile\">   \n    <attribute name=\"msdyn_contact\" />\n <attribute name=\"msdyn_primaryemail\" />\n    <attribute name=\"msdyn_cmty_userprofileid\" />    \n    <filter type=\"and\">\n      <condition attribute=\"msdyn_cmty_userprofileid\" operator=\"eq\" value=\"@{triggerOutputs()?['body/_msdyn_primaryauthor_value']}\" />\n    </filter>\n  </entity>\n</fetch>"
                                    },
                                    "authentication": "@parameters('$authentication')"
                                  }
                                },
                                "Updating_user_profile_in_one_week": {
                                  "foreach": "@outputs('Fetchcontactid_2')?['body/value']",
                                  "actions": {
                                    "Update_user_profile_in_one_week": {
                                      "runAfter": {},
                                      "metadata": {
                                        "operationMetadataId": "f8ed7962-63e8-4fc1-90e2-1b8a31b87bc5"
                                      },
                                      "type": "OpenApiConnection",
                                      "inputs": {
                                        "host": {
                                          "connectionName": "shared_commondataserviceforapps_1",
                                          "operationId": "UpdateRecord",
                                          "apiId": "/providers/Microsoft.PowerApps/apis/shared_commondataserviceforapps"
                                        },
                                        "parameters": {
                                          "entityName": "msdyn_cmty_userprofiles",
                                          "recordId": "@items('Updating_user_profile_in_one_week')?['msdyn_cmty_userprofileid']",
                                          "item/statecode": 1,
                                          "item/statuscode": 2
                                        },
                                        "authentication": "@parameters('$authentication')"
                                      }
                                    }
                                  },
                                  "runAfter": {
                                    "Fetchcontactid_2": [
                                      "Succeeded"
                                    ]
                                  },
                                  "metadata": {
                                    "operationMetadataId": "db887863-a3a5-477c-a50e-38617357d2d2"
                                  },
                                  "type": "Foreach"
                                },
                                "Updating_idea_in_one_week": {
                                  "foreach": "@outputs('Fetchcontactid_2')?['body/value']",
                                  "actions": {
                                    "Update_idea_in_one_week": {
                                      "runAfter": {},
                                      "metadata": {
                                        "operationMetadataId": "c8187ee7-fad5-435c-b28e-7361e917f8de"
                                      },
                                      "type": "OpenApiConnection",
                                      "inputs": {
                                        "host": {
                                          "connectionName": "shared_commondataserviceforapps_1",
                                          "operationId": "UpdateRecord",
                                          "apiId": "/providers/Microsoft.PowerApps/apis/shared_commondataserviceforapps"
                                        },
                                        "parameters": {
                                          "entityName": "msdyn_cmty_ideas",
                                          "recordId": "@items('Updating_User_profile_and_idea_in_one_week')?['msdyn_cmty_ideaid']",
                                          "item/mssh_flaggedasspam": "Spam",
                                          "item/statecode": 1,
                                          "item/statuscode": 2
                                        },
                                        "authentication": "@parameters('$authentication')"
                                      }
                                    }
                                  },
                                  "runAfter": {
                                    "Updating_user_profile_in_one_week": [
                                      "Succeeded"
                                    ]
                                  },
                                  "metadata": {
                                    "operationMetadataId": "c56923bb-cf9a-4f50-a43e-7337ffc647b4"
                                  },
                                  "type": "Foreach"
                                },
                                "Append_to_string_variable_2": {
                                  "runAfter": {
                                    "Updating_idea_in_one_week": [
                                      "Succeeded"
                                    ]
                                  },
                                  "metadata": {
                                    "operationMetadataId": "da3b72a1-d9b5-4495-8a9c-213658c41bfc"
                                  },
                                  "type": "AppendToStringVariable",
                                  "inputs": {
                                    "name": "Mail Body Rows",
                                    "value": "<tr><td>@{items('Updating_User_profile_and_idea_in_one_week')?['msdyn_name']}</td><td><a href=\"@{variables('CRM Url')}@{items('Updating_User_profile_and_idea_in_one_week')?['msdyn_cmty_ideaid']}\"> Idea details</a></td></tr>"
                                  }
                                }
                              },
                              "runAfter": {},
                              "metadata": {
                                "operationMetadataId": "c0d9fd30-5607-4670-905a-90906df6ca9f"
                              },
                              "type": "Foreach"
                            },
                            "If_mail_body_rows_has_data_2": {
                              "actions": {
                                "Compose_mail_body_2": {
                                  "runAfter": {},
                                  "metadata": {
                                    "operationMetadataId": "92f4f00f-bc0b-498d-8369-1294510f1214"
                                  },
                                  "type": "Compose",
                                  "inputs": "@replace(variables('Email body'), '{{TROWS}}', variables('Mail Body Rows'))"
                                },
                                "Send_an_email_(V2)_2": {
                                  "runAfter": {
                                    "Compose_mail_body_2": [
                                      "Succeeded"
                                    ]
                                  },
                                  "metadata": {
                                    "operationMetadataId": "c7649dac-053e-4c13-afb6-5357819a42f8"
                                  },
                                  "type": "OpenApiConnection",
                                  "inputs": {
                                    "host": {
                                      "connectionName": "shared_office365_1",
                                      "operationId": "SendEmailV2",
                                      "apiId": "/providers/Microsoft.PowerApps/apis/shared_office365"
                                    },
                                    "parameters": {
                                      "emailMessage/To": "@variables('Email To')",
                                      "emailMessage/Subject": "[Spam] Ideas ",
                                      "emailMessage/Body": "@outputs('Compose_mail_body_2')",
                                      "emailMessage/Cc": "SuccesshubSprtOpsDL@microsoft.com",
                                      "emailMessage/Importance": "Normal"
                                    },
                                    "authentication": "@parameters('$authentication')"
                                  }
                                }
                              },
                              "runAfter": {
                                "Lock_contact_in_one_week": [
                                  "Succeeded"
                                ]
                              },
                              "expression": {
                                "greater": [
                                  "@length(variables('Mail Body Rows'))",
                                  0
                                ]
                              },
                              "metadata": {
                                "operationMetadataId": "5b82deda-d733-41e1-9589-f0fd7d0a6631"
                              },
                              "type": "If"
                            },
                            "Lock_contact_in_one_week": {
                              "runAfter": {
                                "Updating_User_profile_and_idea_in_one_week": [
                                  "Succeeded"
                                ]
                              },
                              "metadata": {
                                "operationMetadataId": "f8938f90-bdde-4b38-b12d-f35b835f48ea"
                              },
                              "type": "OpenApiConnection",
                              "inputs": {
                                "host": {
                                  "connectionName": "shared_commondataserviceforapps_1",
                                  "operationId": "UpdateRecord",
                                  "apiId": "/providers/Microsoft.PowerApps/apis/shared_commondataserviceforapps"
                                },
                                "parameters": {
                                  "entityName": "contacts",
                                  "recordId": "@items('Check_for_Callback_Number')?['contactid']",
                                  "item/callback": "Lockout Contact As Spam",
                                  "item/mssh_lastupdatedbyprocess": "@workflow()?['tags']?['flowDisplayName']",
                                  "item/adx_identity_lockoutenabled": true,
                                  "item/adx_identity_lockoutenddate": "@adddays(utcnow(), 4000)",
                                  "item/adx_identity_securitystamp": "@null"
                                },
                                "authentication": "@parameters('$authentication')"
                              }
                            }
                          },
                          "runAfter": {
                            "Count_of_ideas_in_one_week": [
                              "Succeeded"
                            ]
                          },
                          "else": {
                            "actions": {
                              "Fetch_Ideas_in_one_month": {
                                "runAfter": {},
                                "metadata": {
                                  "operationMetadataId": "5f28ed00-b4f9-41c5-ac7e-cdd6bfad8c7e"
                                },
                                "type": "OpenApiConnection",
                                "inputs": {
                                  "host": {
                                    "connectionName": "shared_commondataserviceforapps_1",
                                    "operationId": "ListRecords",
                                    "apiId": "/providers/Microsoft.PowerApps/apis/shared_commondataserviceforapps"
                                  },
                                  "parameters": {
                                    "entityName": "msdyn_cmty_ideas",
                                    "$filter": "createdon gt '@{addToTime(utcNow(),-1,'Month','yyyy-MM-dd')}'",
                                    "fetchXml": "<fetch version=\"1.0\" output-format=\"xml-platform\" mapping=\"logical\" distinct=\"false\">\n  <entity name=\"msdyn_cmty_idea\"> \n    <attribute name=\"createdon\" />    \n    <attribute name=\"msdyn_cmty_ideaid\" />\n    <attribute name=\"msdyn_primaryauthor\" /> \n      <attribute name=\"msdyn_name\" />\n    <filter type=\"and\">\n      <condition attribute=\"msdyn_primaryauthor\" operator=\"eq\" value=\"@{triggerOutputs()?['body/_msdyn_primaryauthor_value']}\" />\n    </filter>\n  </entity>\n</fetch>"
                                  },
                                  "authentication": "@parameters('$authentication')"
                                }
                              },
                              "Count_of_ideas_in_one_month": {
                                "runAfter": {
                                  "Fetch_Ideas_in_one_month": [
                                    "Succeeded"
                                  ]
                                },
                                "metadata": {
                                  "operationMetadataId": "b92fd9e2-1a56-47f7-bde2-50bebab64303"
                                },
                                "type": "Compose",
                                "inputs": "@length(outputs('Fetch_Ideas_in_one_month')?['body/value'])"
                              },
                              "Condition_to_check_one_month": {
                                "actions": {
                                  "Updating_User_profile_and_idea_in_one_month": {
                                    "foreach": "@outputs('Fetch_Ideas_in_one_month')?['body/value']",
                                    "actions": {
                                      "Fetchcontactid_3": {
                                        "runAfter": {},
                                        "metadata": {
                                          "operationMetadataId": "31893f92-e327-4575-969a-9f318b800968"
                                        },
                                        "type": "OpenApiConnection",
                                        "inputs": {
                                          "host": {
                                            "connectionName": "shared_commondataserviceforapps_1",
                                            "operationId": "ListRecords",
                                            "apiId": "/providers/Microsoft.PowerApps/apis/shared_commondataserviceforapps"
                                          },
                                          "parameters": {
                                            "entityName": "msdyn_cmty_userprofiles",
                                            "fetchXml": "<fetch version=\"1.0\" output-format=\"xml-platform\" mapping=\"logical\" distinct=\"false\">\n  <entity name=\"msdyn_cmty_userprofile\">   \n    <attribute name=\"msdyn_contact\" />\n <attribute name=\"msdyn_primaryemail\" />\n    <attribute name=\"msdyn_cmty_userprofileid\" />    \n    <filter type=\"and\">\n      <condition attribute=\"msdyn_cmty_userprofileid\" operator=\"eq\" value=\"@{triggerOutputs()?['body/_msdyn_primaryauthor_value']}\" />\n    </filter>\n  </entity>\n</fetch>"
                                          },
                                          "authentication": "@parameters('$authentication')"
                                        }
                                      },
                                      "Updating_user_profile_in_one_month": {
                                        "foreach": "@outputs('Fetchcontactid_3')?['body/value']",
                                        "actions": {
                                          "Update_user_profile_in_one_month": {
                                            "runAfter": {},
                                            "metadata": {
                                              "operationMetadataId": "f8ed7962-63e8-4fc1-90e2-1b8a31b87bc5"
                                            },
                                            "type": "OpenApiConnection",
                                            "inputs": {
                                              "host": {
                                                "connectionName": "shared_commondataserviceforapps_1",
                                                "operationId": "UpdateRecord",
                                                "apiId": "/providers/Microsoft.PowerApps/apis/shared_commondataserviceforapps"
                                              },
                                              "parameters": {
                                                "entityName": "msdyn_cmty_userprofiles",
                                                "recordId": "@items('Updating_user_profile_in_one_month')?['msdyn_cmty_userprofileid']",
                                                "item/statecode": 1,
                                                "item/statuscode": 2
                                              },
                                              "authentication": "@parameters('$authentication')"
                                            }
                                          }
                                        },
                                        "runAfter": {
                                          "Fetchcontactid_3": [
                                            "Succeeded"
                                          ]
                                        },
                                        "metadata": {
                                          "operationMetadataId": "db887863-a3a5-477c-a50e-38617357d2d2"
                                        },
                                        "type": "Foreach"
                                      },
                                      "Updating_idea_in_one_month": {
                                        "foreach": "@outputs('Fetchcontactid_3')?['body/value']",
                                        "actions": {
                                          "Update_idea_in_one_month": {
                                            "runAfter": {},
                                            "metadata": {
                                              "operationMetadataId": "c8187ee7-fad5-435c-b28e-7361e917f8de"
                                            },
                                            "type": "OpenApiConnection",
                                            "inputs": {
                                              "host": {
                                                "connectionName": "shared_commondataserviceforapps_1",
                                                "operationId": "UpdateRecord",
                                                "apiId": "/providers/Microsoft.PowerApps/apis/shared_commondataserviceforapps"
                                              },
                                              "parameters": {
                                                "entityName": "msdyn_cmty_ideas",
                                                "recordId": "@items('Updating_User_profile_and_idea_in_one_month')?['msdyn_cmty_ideaid']",
                                                "item/mssh_flaggedasspam": "Spam",
                                                "item/statecode": 1,
                                                "item/statuscode": 2
                                              },
                                              "authentication": "@parameters('$authentication')"
                                            }
                                          }
                                        },
                                        "runAfter": {
                                          "Updating_user_profile_in_one_month": [
                                            "Succeeded"
                                          ]
                                        },
                                        "metadata": {
                                          "operationMetadataId": "8b9d3937-c687-4a7c-8088-642e72b7425a"
                                        },
                                        "type": "Foreach"
                                      },
                                      "Append_to_string_variable_3": {
                                        "runAfter": {
                                          "Updating_idea_in_one_month": [
                                            "Succeeded"
                                          ]
                                        },
                                        "metadata": {
                                          "operationMetadataId": "da3b72a1-d9b5-4495-8a9c-213658c41bfc"
                                        },
                                        "type": "AppendToStringVariable",
                                        "inputs": {
                                          "name": "Mail Body Rows",
                                          "value": "<tr><td>@{items('Updating_User_profile_and_idea_in_one_month')?['msdyn_name']}</td><td><a href=\"@{variables('CRM Url')}@{items('Updating_User_profile_and_idea_in_one_month')?['msdyn_cmty_ideaid']}\"> Idea details</a></td></tr>"
                                        }
                                      }
                                    },
                                    "runAfter": {},
                                    "metadata": {
                                      "operationMetadataId": "c0d9fd30-5607-4670-905a-90906df6ca9f"
                                    },
                                    "type": "Foreach"
                                  },
                                  "If_mail_body_rows_has_data_3": {
                                    "actions": {
                                      "Compose_mail_body_3": {
                                        "runAfter": {},
                                        "metadata": {
                                          "operationMetadataId": "92f4f00f-bc0b-498d-8369-1294510f1214"
                                        },
                                        "type": "Compose",
                                        "inputs": "@replace(variables('Email body'), '{{TROWS}}', variables('Mail Body Rows'))"
                                      },
                                      "Send_an_email_(V2)_3": {
                                        "runAfter": {
                                          "Compose_mail_body_3": [
                                            "Succeeded"
                                          ]
                                        },
                                        "metadata": {
                                          "operationMetadataId": "c7649dac-053e-4c13-afb6-5357819a42f8"
                                        },
                                        "type": "OpenApiConnection",
                                        "inputs": {
                                          "host": {
                                            "connectionName": "shared_office365_1",
                                            "operationId": "SendEmailV2",
                                            "apiId": "/providers/Microsoft.PowerApps/apis/shared_office365"
                                          },
                                          "parameters": {
                                            "emailMessage/To": "@variables('Email To')",
                                            "emailMessage/Subject": "[Spam] Ideas ",
                                            "emailMessage/Body": "@outputs('Compose_mail_body_3')",
                                            "emailMessage/Cc": "SuccesshubSprtOpsDL@microsoft.com",
                                            "emailMessage/Importance": "Normal"
                                          },
                                          "authentication": "@parameters('$authentication')"
                                        }
                                      }
                                    },
                                    "runAfter": {
                                      "Lock_contact_in_one_month": [
                                        "Succeeded"
                                      ]
                                    },
                                    "expression": {
                                      "greater": [
                                        "@length(variables('Mail Body Rows'))",
                                        0
                                      ]
                                    },
                                    "metadata": {
                                      "operationMetadataId": "5b82deda-d733-41e1-9589-f0fd7d0a6631"
                                    },
                                    "type": "If"
                                  },
                                  "Lock_contact_in_one_month": {
                                    "runAfter": {
                                      "Updating_User_profile_and_idea_in_one_month": [
                                        "Succeeded"
                                      ]
                                    },
                                    "metadata": {
                                      "operationMetadataId": "f8938f90-bdde-4b38-b12d-f35b835f48ea"
                                    },
                                    "type": "OpenApiConnection",
                                    "inputs": {
                                      "host": {
                                        "connectionName": "shared_commondataserviceforapps_1",
                                        "operationId": "UpdateRecord",
                                        "apiId": "/providers/Microsoft.PowerApps/apis/shared_commondataserviceforapps"
                                      },
                                      "parameters": {
                                        "entityName": "contacts",
                                        "recordId": "@items('Check_for_Callback_Number')?['contactid']",
                                        "item/callback": "Lockout Contact As Spam",
                                        "item/mssh_lastupdatedbyprocess": "@workflow()?['tags']?['flowDisplayName']",
                                        "item/adx_identity_lockoutenabled": true,
                                        "item/adx_identity_lockoutenddate": "@adddays(utcnow(), 4000)",
                                        "item/adx_identity_securitystamp": "@null"
                                      },
                                      "authentication": "@parameters('$authentication')"
                                    }
                                  }
                                },
                                "runAfter": {
                                  "Count_of_ideas_in_one_month": [
                                    "Succeeded"
                                  ]
                                },
                                "expression": {
                                  "greater": [
                                    "@outputs('Count_of_ideas_in_one_month')",
                                    "@parameters('[Community-Ideas] One Month Idea Count (mssh_CommunityIdeasOneMonthIdeaCount)')"
                                  ]
                                },
                                "metadata": {
                                  "operationMetadataId": "4fca7e9f-8d64-4efc-89b4-271652306ad0"
                                },
                                "type": "If"
                              }
                            }
                          },
                          "expression": {
                            "greater": [
                              "@outputs('Count_of_ideas_in_one_week')",
                              "@parameters('[Community-Ideas] One WeekIdea Count (mssh_CommunityIdeasOneWeekIdeaCount)')"
                            ]
                          },
                          "metadata": {
                            "operationMetadataId": "4fca7e9f-8d64-4efc-89b4-271652306ad0"
                          },
                          "type": "If"
                        }
                      }
                    },
                    "expression": {
                      "greater": [
                        "@outputs('Count_of_ideas_in_ten_minutes')",
                        "@parameters('[Community-Ideas] Ten Minutes Idea Count (mssh_CommunityIdeasTenMinutes)')"
                      ]
                    },
                    "metadata": {
                      "operationMetadataId": "4fca7e9f-8d64-4efc-89b4-271652306ad0"
                    },
                    "type": "If"
                  },
                  "Count_of_ideas_in_ten_minutes": {
                    "runAfter": {
                      "Check_CRM_URL": [
                        "Succeeded"
                      ]
                    },
                    "metadata": {
                      "operationMetadataId": "b92fd9e2-1a56-47f7-bde2-50bebab64303"
                    },
                    "type": "Compose",
                    "inputs": "@length(outputs('Fetch_Ideas_in_ten_minutes')?['body/value'])"
                  }
                }
              },
              "expression": {
                "equals": [
                  "@items('Check_for_Callback_Number')?['callback']",
                  "Active and Whitelisted"
                ]
              },
              "metadata": {
                "operationMetadataId": "142d2f42-5bf9-4aac-aeac-7a4db7a543d4"
              },
              "type": "If"
            }
          },
          "runAfter": {
            "Fetch_contacts_to_check_Callback_Number": [
              "Succeeded"
            ]
          },
          "metadata": {
            "operationMetadataId": "b856eed0-1ac1-4e89-b66e-aad7b77ea405"
          },
          "type": "Foreach"
        }
      }
    },
    "templateName": ""
  },
  "schemaVersion": "1.0.0.0"
}