{
  "properties": {
    "connectionReferences": {
      "shared_commondataserviceforapps_1": {
        "runtimeSource": "embedded",
        "connection": {
          "connectionReferenceLogicalName": "mssh_PowerIdeasCommonCDSConnection"
        },
        "api": {
          "name": "shared_commondataserviceforapps"
        }
      }
    },
    "definition": {
      "$schema": "https://schema.management.azure.com/providers/Microsoft.Logic/schemas/2016-06-01/workflowdefinition.json#",
      "contentVersion": "1.0.0.0",
      "parameters": {
        "$connections": {
          "defaultValue": {},
          "type": "Object"
        },
        "$authentication": {
          "defaultValue": {},
          "type": "SecureObject"
        }
      },
      "triggers": {
        "When_a_row_is_added,_modified_or_deleted": {
          "metadata": {
            "operationMetadataId": "944d751e-bebf-43a2-ae73-c502159fc2e5"
          },
          "type": "OpenApiConnectionWebhook",
          "inputs": {
            "host": {
              "connectionName": "shared_commondataserviceforapps_1",
              "operationId": "SubscribeWebhookTrigger",
              "apiId": "/providers/Microsoft.PowerApps/apis/shared_commondataserviceforapps"
            },
            "parameters": {
              "subscriptionRequest/message": 3,
              "subscriptionRequest/entityname": "msdyn_cmty_idea",
              "subscriptionRequest/scope": 4,
              "subscriptionRequest/filteringattributes": "mssh_flaggedasspam",
              "subscriptionRequest/filterexpression": "mssh_flaggedasspam eq 'Spam'"
            },
            "authentication": "@parameters('$authentication')"
          }
        }
      },
      "actions": {
        "Lock_the_contact_after_marking_as_spam": {
          "runAfter": {
            "Lock_the_user_profile_after_marking_as_spam": [
              "Succeeded"
            ]
          },
          "metadata": {
            "operationMetadataId": "8bf55bff-be2a-4a0d-9fe0-9787725491f6"
          },
          "type": "OpenApiConnection",
          "inputs": {
            "host": {
              "connectionName": "shared_commondataserviceforapps_1",
              "operationId": "UpdateRecord",
              "apiId": "/providers/Microsoft.PowerApps/apis/shared_commondataserviceforapps"
            },
            "parameters": {
              "entityName": "contacts",
              "recordId": "@outputs('Lock_the_user_profile_after_marking_as_spam')?['body/_msdyn_contact_value']",
              "item/callback": "Lockout Contact as Spam",
              "item/mssh_lastupdatedbyprocess": "@workflow().tags.flowDisplayName",
              "item/adx_identity_lockoutenabled": true,
              "item/adx_identity_lockoutenddate": "@{addDays(utcNow(),4000)}",
              "item/adx_identity_securitystamp": "@null"
            },
            "authentication": "@parameters('$authentication')"
          }
        },
        "Lock_the_user_profile_after_marking_as_spam": {
          "runAfter": {},
          "metadata": {
            "operationMetadataId": "a4514b58-5a55-44f9-b973-eeca8623b373"
          },
          "type": "OpenApiConnection",
          "inputs": {
            "host": {
              "connectionName": "shared_commondataserviceforapps_1",
              "operationId": "UpdateRecord",
              "apiId": "/providers/Microsoft.PowerApps/apis/shared_commondataserviceforapps"
            },
            "parameters": {
              "entityName": "msdyn_cmty_userprofiles",
              "recordId": "@triggerOutputs()?['body/_msdyn_primaryauthor_value']",
              "item/statecode": 1,
              "item/statuscode": 2
            },
            "authentication": "@parameters('$authentication')"
          }
        }
      },
      "outputs": {}
    },
    "templateName": ""
  },
  "schemaVersion": "1.0.0.0"
}