<ImportExportXml version="9.2.24023.154" SolutionPackageVersion="9.2" languagecode="1033" generatedBy="CrmLive" xmlns:xsi="http://www.w3.org/2001/XMLSchema-instance">
  <SolutionManifest>
    <UniqueName>ModernCommunity_SpamPrevention</UniqueName>
    <LocalizedNames>
      <LocalizedName description="ModernCommunity_SpamPrevention" languagecode="1033" />
    </LocalizedNames>
    <Descriptions />
    <Version>9.0.240228.1</Version>
    <Managed>1</Managed>
    <Publisher>
      <UniqueName>MicrosoftSuccessHub</UniqueName>
      <LocalizedNames>
        <LocalizedName description="Microsoft Success Hub" languagecode="1033" />
      </LocalizedNames>
      <Descriptions>
        <Description description="Default publisher for Microsoft Success Hub." languagecode="1033" />
      </Descriptions>
      <EMailAddress xsi:nil="true"></EMailAddress>
      <SupportingWebsiteUrl xsi:nil="true"></SupportingWebsiteUrl>
      <CustomizationPrefix>mssh</CustomizationPrefix>
      <CustomizationOptionValuePrefix>28041</CustomizationOptionValuePrefix>
      <Addresses>
        <Address>
          <AddressNumber>1</AddressNumber>
          <AddressTypeCode>1</AddressTypeCode>
          <City xsi:nil="true"></City>
          <County xsi:nil="true"></County>
          <Country xsi:nil="true"></Country>
          <Fax xsi:nil="true"></Fax>
          <FreightTermsCode xsi:nil="true"></FreightTermsCode>
          <ImportSequenceNumber xsi:nil="true"></ImportSequenceNumber>
          <Latitude xsi:nil="true"></Latitude>
          <Line1 xsi:nil="true"></Line1>
          <Line2 xsi:nil="true"></Line2>
          <Line3 xsi:nil="true"></Line3>
          <Longitude xsi:nil="true"></Longitude>
          <Name xsi:nil="true"></Name>
          <PostalCode xsi:nil="true"></PostalCode>
          <PostOfficeBox xsi:nil="true"></PostOfficeBox>
          <PrimaryContactName xsi:nil="true"></PrimaryContactName>
          <ShippingMethodCode>1</ShippingMethodCode>
          <StateOrProvince xsi:nil="true"></StateOrProvince>
          <Telephone1 xsi:nil="true"></Telephone1>
          <Telephone2 xsi:nil="true"></Telephone2>
          <Telephone3 xsi:nil="true"></Telephone3>
          <TimeZoneRuleVersionNumber xsi:nil="true"></TimeZoneRuleVersionNumber>
          <UPSZone xsi:nil="true"></UPSZone>
          <UTCOffset xsi:nil="true"></UTCOffset>
          <UTCConversionTimeZoneCode xsi:nil="true"></UTCConversionTimeZoneCode>
        </Address>
        <Address>
          <AddressNumber>2</AddressNumber>
          <AddressTypeCode>1</AddressTypeCode>
          <City xsi:nil="true"></City>
          <County xsi:nil="true"></County>
          <Country xsi:nil="true"></Country>
          <Fax xsi:nil="true"></Fax>
          <FreightTermsCode xsi:nil="true"></FreightTermsCode>
          <ImportSequenceNumber xsi:nil="true"></ImportSequenceNumber>
          <Latitude xsi:nil="true"></Latitude>
          <Line1 xsi:nil="true"></Line1>
          <Line2 xsi:nil="true"></Line2>
          <Line3 xsi:nil="true"></Line3>
          <Longitude xsi:nil="true"></Longitude>
          <Name xsi:nil="true"></Name>
          <PostalCode xsi:nil="true"></PostalCode>
          <PostOfficeBox xsi:nil="true"></PostOfficeBox>
          <PrimaryContactName xsi:nil="true"></PrimaryContactName>
          <ShippingMethodCode>1</ShippingMethodCode>
          <StateOrProvince xsi:nil="true"></StateOrProvince>
          <Telephone1 xsi:nil="true"></Telephone1>
          <Telephone2 xsi:nil="true"></Telephone2>
          <Telephone3 xsi:nil="true"></Telephone3>
          <TimeZoneRuleVersionNumber xsi:nil="true"></TimeZoneRuleVersionNumber>
          <UPSZone xsi:nil="true"></UPSZone>
          <UTCOffset xsi:nil="true"></UTCOffset>
          <UTCConversionTimeZoneCode xsi:nil="true"></UTCConversionTimeZoneCode>
        </Address>
      </Addresses>
    </Publisher>
    <RootComponents>
      <RootComponent type="1" schemaName="msdyn_cmty_idea" behavior="1" />
      <RootComponent type="29" id="{277e9c75-319e-ee11-a569-000d3a1e08e8}" behavior="0" />
      <RootComponent type="29" id="{5303ec3a-4aa9-ee11-a569-0022482c4a01}" behavior="0" />
      <RootComponent type="29" id="{993ea958-0a85-ee11-8179-000d3a1e0ada}" behavior="0" />
      <RootComponent type="61" schemaName="mssh_powerideas_markasspam" behavior="0" />
    </RootComponents>
    <MissingDependencies>
      <MissingDependency>
        <Required type="1" schemaName="msdyn_cmty_idea" displayName="Idea" solution="msdyn_community_base (9.2.240117.2)">
          <package>msdyn_community_anchor (9.2.240117.2)</package>
        </Required>
        <Dependent type="1" schemaName="msdyn_cmty_idea" displayName="Idea" />
      </MissingDependency>
      <MissingDependency>
        <Required type="1" schemaName="msdyn_cmty_userprofile" displayName="User Profile" solution="msdyn_community_base (9.2.240117.2)">
          <package>msdyn_community_anchor (9.2.240117.2)</package>
        </Required>
        <Dependent type="29" displayName="[Power Ideas] [Spam] Deactivate the contact on 'Mark as Spam'" id="{277e9c75-319e-ee11-a569-000d3a1e08e8}" />
      </MissingDependency>
      <MissingDependency>
        <Required type="1" schemaName="msdyn_cmty_userprofile" displayName="User Profile" solution="msdyn_community_base (9.2.240117.2)">
          <package>msdyn_community_anchor (9.2.240117.2)</package>
        </Required>
        <Dependent type="29" displayName="[Power Ideas] [Spam] Deactivate ideas and lock contact" id="{993ea958-0a85-ee11-8179-000d3a1e0ada}" />
      </MissingDependency>
      <MissingDependency>
        <Required type="EnvironmentVariableDefinition" displayName="mssh_CommunityIdeasOneMonthIdeaCount" solution="Active" id.schemaname="mssh_CommunityIdeasOneMonthIdeaCount" />
        <Dependent type="29" displayName="[Power Ideas] [Spam] Deactivate ideas and lock contact" id="{993ea958-0a85-ee11-8179-000d3a1e0ada}" />
      </MissingDependency>
      <MissingDependency>
        <Required type="EnvironmentVariableDefinition" displayName="mssh_CommunityIdeasOneWeekIdeaCount" solution="Active" id.schemaname="mssh_CommunityIdeasOneWeekIdeaCount" />
        <Dependent type="29" displayName="[Power Ideas] [Spam] Deactivate ideas and lock contact" id="{993ea958-0a85-ee11-8179-000d3a1e0ada}" />
      </MissingDependency>
      <MissingDependency>
        <Required type="EnvironmentVariableDefinition" displayName="mssh_CommunityIdeasTenMinutes" solution="Active" id.schemaname="mssh_CommunityIdeasTenMinutes" />
        <Dependent type="29" displayName="[Power Ideas] [Spam] Deactivate ideas and lock contact" id="{993ea958-0a85-ee11-8179-000d3a1e0ada}" />
      </MissingDependency>
    </MissingDependencies>
  </SolutionManifest>
</ImportExportXml>